p_0,v_0,t_0,p_1,v_1,t_1,p_2,v_2,t_2,p_3,v_3,t_3,p_4,v_4,t_4,p_5,v_5,t_5
88.66176679,63.5093936,0,85.05531561,61.55812011,0,83.27331807,57.84430406,0,89.92747085,59.39010448,0,86.54364076,60.58838424,0,84.53033898,60.10420579,0
83.49681534,63.75076472,0.002818792,79.84070839,61.76254207,0.002845638,78.00264361,57.92819054,0.002765101,84.75921747,59.57054018,0.002711409,81.63847175,60.8311242,0.002711409,79.62611807,60.27388142,0.002711409
78.54282459,63.98058639,0.005637584,74.93947791,61.95456992,0.005691275,73.0134844,57.99914466,0.005530201,79.73607223,59.74066018,0.005422819,76.98283459,61.06413992,0.005422819,74.99235708,60.42591498,0.005422819
73.83744213,64.19843935,0.008456376,70.36786966,62.13378131,0.008536913,68.32307714,58.05700401,0.008295302,74.87389823,59.90033369,0.008134228,72.58278015,61.28732076,0.008134228,70.63279511,60.56023244,0.008134228
69.63127802,64.39746046,0.011275168,66.29390112,62.29425762,0.01138255,64.23120685,58.09263178,0.011060403,70.57913317,60.03881113,0.010845638,68.75088505,61.49076362,0.010845638,66.83491367,60.66117279,0.010845638
65.80086329,64.57845415,0.01409396,62.5480264,62.43539924,0.014228188,60.47871418,58.11147492,0.013825503,66.61534411,60.16330966,0.013557047,65.16867376,61.68133998,0.013557047,63.27473899,60.74164289,0.013557047
62.19057438,64.74493108,0.016912752,58.96542599,62.56151034,0.017073826,56.95557233,58.11629086,0.016590604,62.93149238,60.2748898,0.016268456,61.79096491,61.86003884,0.016268456,59.91075513,60.80344304,0.016268456
58.76834926,64.89412472,0.019731544,55.5022142,62.67166145,0.019919463,53.63371975,58.10126897,0.019355705,59.5621236,60.3632221,0.018979866,58.58972358,62.01745688,0.018979866,56.72840696,60.83345032,0.018979866
55.46707905,65.01935104,0.022550336,52.15147817,62.75662502,0.022765101,50.40217473,58.06748148,0.022120805,56.29050195,60.43495573,0.021691275,55.43817324,62.15961419,0.021691275,53.62005147,60.84218971,0.021691275
52.24601956,65.1289094,0.025369128,48.90337336,62.82632145,0.025610738,47.24571196,58.020567,0.024885906,53.09650216,60.49271647,0.024402685,52.33411145,62.28886353,0.024402685,50.57949723,60.83332893,0.024402685
49.1098798,65.22273253,0.028187919,45.76942241,62.88085286,0.028456376,44.19031867,57.95790027,0.027651007,50.00950513,60.52776751,0.027114094,49.33047592,62.39688184,0.027114094,47.67178862,60.79710918,0.027114094
46.16234469,65.29111927,0.031006711,42.83431585,62.91432447,0.031302013,41.34069299,57.87661891,0.030416107,47.05393778,60.54535822,0.029825503,46.46215013,62.488057,0.029825503,44.89868591,60.74106022,0.029825503
43.35503896,65.34196051,0.033825503,40.06278818,62.92949358,0.034147651,38.62848951,57.7846321,0.033181208,44.2084447,60.54964036,0.032536913,43.70308793,62.56616016,0.032536913,42.22664997,60.67021427,0.032536913
40.66335666,65.37716068,0.036644295,37.39755625,62.93064607,0.036993289,36.06070221,57.68189567,0.035946309,41.55043511,60.53434006,0.035248322,41.12059994,62.62442594,0.035248322,39.69937444,60.57841363,0.035248322
38.10438664,65.39179277,0.039463087,34.83140942,62.91675223,0.039838926,33.67013423,57.56395605,0.038711409,39.02939788,60.50301572,0.037959732,38.65860742,62.6652678,0.037959732,37.26689337,60.47054185,0.037959732
35.65091337,65.38536289,0.042281879,32.38172105,62.88258704,0.042684564,31.3361741,57.43959497,0.04147651,36.59053657,60.4607867,0.040671141,36.26937449,62.69371027,0.040671141,34.90011306,60.35208559,0.040671141
33.27330857,65.36416519,0.045100671,30.02015846,62.83686321,0.045530201,29.05589082,57.30931552,0.044241611,34.24177656,60.40409193,0.04338255,33.96082976,62.70477542,0.04338255,32.6225301,60.22019184,0.04338255
30.97538488,65.32765109,0.047919463,27.7527653,62.78008406,0.048375839,26.85223113,57.17301048,0.047006711,31.97046302,60.33535514,0.04609396,31.72687486,62.69917661,0.04609396,30.46196207,60.07818696,0.04609396
28.82387393,65.26793066,0.050738255,25.64583973,62.70908084,0.051221477,24.73643652,57.03609021,0.049771812,29.76309358,60.25970862,0.048805369,29.55354967,62.68290389,0.048805369,28.38886954,59.93081396,0.048805369
26.76072487,65.19528413,0.053557047,23.6681682,62.62853822,0.054067114,22.70922017,56.89985598,0.052536913,27.65301147,60.17611275,0.051516779,27.4716613,62.65299878,0.051516779,26.44114195,59.77779263,0.051516779
24.78380591,65.11007162,0.056375839,21.78407506,62.5413125,0.056912752,20.84518419,56.76790008,0.055302013,25.69101462,60.08720439,0.054228188,25.52688993,62.60962193,0.054228188,24.62422338,59.62251164,0.054228188
22.92464136,65.00766995,0.059194631,19.99506066,62.44754251,0.059758389,19.14991294,56.64486821,0.058067114,23.82426549,59.99671796,0.056939597,23.67335508,62.55897908,0.056939597,22.87560731,59.46769096,0.056939597
21.16080847,64.89327203,0.062013423,18.31354611,62.34833803,0.062604027,17.57097253,56.53045383,0.060832215,22.07656684,59.90542826,0.059651007,21.93579222,62.50014393,0.059651007,21.20229587,59.3146624,0.059651007
19.48169771,64.77024515,0.064832215,16.71066001,62.2476275,0.065449664,16.12986647,56.4290556,0.063597315,20.46377656,59.81778934,0.062362416,20.34049197,62.43440501,0.062362416,19.61446404,59.16898745,0.062362416
17.91380054,64.63807463,0.067651007,15.19155267,62.14619855,0.068295302,14.81440292,56.34910094,0.066362416,18.92541853,59.73449283,0.065073826,18.82272138,62.36654849,0.065073826,18.08890343,59.03006199,0.065073826
16.50595764,64.49860557,0.070469799,13.82502638,62.04689668,0.07114094,13.56622638,56.28551134,0.069127517,17.47017699,59.65699603,0.067785235,17.39113402,62.29701794,0.067785235,16.63904925,58.89977287,0.067785235
15.20124963,64.35679336,0.073288591,12.58860793,61.95253912,0.073986577,12.38467153,56.24038138,0.071892617,16.15107344,59.59320456,0.070496644,16.07985948,62.22994462,0.070496644,15.33854953,58.78807041,0.070496644
13.99751977,64.21354986,0.076107383,11.45825362,61.86384255,0.076832215,11.30786055,56.23046103,0.074657718,14.91720407,59.5394949,0.073208054,14.83659848,62.16673455,0.073208054,14.12468187,58.68949585,0.073208054
12.92919059,64.07350064,0.078926174,10.44838636,61.78366913,0.079677852,10.2997351,56.2431851,0.077422819,13.77483048,59.49686435,0.075919463,13.66509717,62.10806905,0.075919463,13.00263476,58.60526856,0.075919463
11.92892232,63.93966565,0.081744966,9.56332108,61.71863879,0.08252349,9.361872391,56.2789706,0.080187919,12.78806081,59.47836389,0.078630872,12.62016029,62.06267126,0.078630872,12.00964891,58.55124511,0.078630872
10.99221163,63.81304211,0.084563758,8.752989628,61.66610683,0.085369128,8.553713747,56.35645949,0.08295302,11.8707324,59.47519313,0.081342282,11.63986344,62.02706744,0.081342282,11.07025604,58.51584186,0.081342282
10.14219664,63.69996774,0.08738255,8.015114078,61.62696623,0.088214765,7.831207682,56.46313326,0.085718121,11.021329,59.48757153,0.084053691,10.72361401,62.00151141,0.084053691,10.18342403,58.49927211,0.084053691
9.390832655,63.60528533,0.090201342,7.388007269,61.61229509,0.091060403,7.182680166,56.59596403,0.088483221,10.26862842,59.53293231,0.086765101,9.909655728,61.99933067,0.086765101,9.391923437,58.52150977,0.086765101
8.715843744,63.5263988,0.093020134,6.840049709,61.61794924,0.09390604,6.637021578,56.7683314,0.091248322,9.562484631,59.59855084,0.08947651,9.14348407,62.01240106,0.08947651,8.663190832,58.56692087,0.08947651
8.126728856,63.46626725,0.095838926,6.357463449,61.64242346,0.096751678,6.170292616,56.97541916,0.094013423,8.901430785,59.68388187,0.092187919,8.423478014,62.04038086,0.092187919,7.99529145,58.63479793,0.092187919
7.647770058,63.43825277,0.098657718,5.948292082,61.69141347,0.099597315,5.758316803,57.20853953,0.096778523,8.322983056,59.80640538,0.094899329,7.786710415,62.09728484,0.094899329,7.439337513,58.74409571,0.094899329
7.218508827,63.43173818,0.10147651,5.593040441,61.77057364,0.102442953,5.410864113,57.47501179,0.099543624,7.797540091,59.95377378,0.097610738,7.214945405,62.17365009,0.097610738,6.938379474,58.88030519,0.097610738
6.833602491,63.4470967,0.104295302,5.257650086,61.87088262,0.105288591,5.115772838,57.77837035,0.102308725,7.317274166,60.12319095,0.100322148,6.702333096,62.26722282,0.100322148,6.48076728,59.04023134,0.100322148
6.493512755,63.49746832,0.107114094,4.935831491,61.99239522,0.108134228,4.842010066,58.10491595,0.105073826,6.903440209,60.33022119,0.103033557,6.298999913,62.38978702,0.103033557,6.065914513,59.23966614,0.103033557
6.175145427,63.57489042,0.109932886,4.620319557,62.14739908,0.110979866,4.585537629,58.45649709,0.107838926,6.526124297,60.56454346,0.105744966,5.96403377,62.53265567,0.105744966,5.666528629,59.46681643,0.105744966
5.873616397,63.67497413,0.112751678,4.316785995,62.32402498,0.113825503,4.330746856,58.84263923,0.110604027,6.177585257,60.82085283,0.108456376,5.676346886,62.69164463,0.108456376,5.28223438,59.7160511,0.108456376
5.591013403,63.80328236,0.11557047,4.030617133,62.52021638,0.116671141,4.07572838,59.24657496,0.113369128,5.871300654,61.1111155,0.111167785,5.435178398,62.87472081,0.111167785,4.9301831,59.99856089,0.111167785
5.331207009,63.96250085,0.118389262,3.779021997,62.74065135,0.119516779,3.821264929,59.66773263,0.116134228,5.606040056,61.42762456,0.113879195,5.197623646,63.07549957,0.113879195,4.630989802,60.30583962,0.113879195
5.088542689,64.14170615,0.121208054,3.575615385,62.9855505,0.122362416,3.584309261,60.11356986,0.118899329,5.372448108,61.76310098,0.116590604,4.959318353,63.28885402,0.116590604,4.376454758,60.6307103,0.116590604
4.863577558,64.34044013,0.124026846,3.399425139,63.24693338,0.125208054,3.369987186,60.5714065,0.12166443,5.187336578,62.12494886,0.119302013,4.712571161,63.51921494,0.119302013,4.198225527,60.97936301,0.119302013
4.670586753,64.56921018,0.126845638,3.246888323,63.52433913,0.128053691,3.176555293,61.03932887,0.12442953,5.032044792,62.50817123,0.122013423,4.474794848,63.76289283,0.122013423,4.07608151,61.34605261,0.122013423
4.494449465,64.81364848,0.12966443,3.100669416,63.82574405,0.130899329,3.015328658,61.51894534,0.127194631,4.887607767,62.90510881,0.124724832,4.252107956,64.01501807,0.124724832,3.978677737,61.72375009,0.124724832
4.333268321,65.07277915,0.132483221,2.945514928,64.14048808,0.133744966,2.869984994,62.00414622,0.129959732,4.74458839,63.31932779,0.127436242,4.062253813,64.27764254,0.127436242,3.895792681,62.11448004,0.127436242
4.187879685,65.35040062,0.135302013,2.783947003,64.46759035,0.136590604,2.733394906,62.4922317,0.132724832,4.585410787,63.74819624,0.130147651,3.916566429,64.54898878,0.130147651,3.78909028,62.51416587,0.130147651
4.049171235,65.64136285,0.138120805,2.619411793,64.80975291,0.139436242,2.603071519,62.98197686,0.135489933,4.420377433,64.18522748,0.13285906,3.795012501,64.82516237,0.13285906,3.663951065,62.91783236,0.13285906
3.913874387,65.94104321,0.140939597,2.475350519,65.16499712,0.142281879,2.479921024,63.46939008,0.138255034,4.251863426,64.6315679,0.13557047,3.700497259,65.10680829,0.13557047,3.512538457,63.325013,0.13557047
3.781003658,66.2493786,0.143758389,2.352768375,65.52889741,0.145127517,2.365494678,63.95355762,0.141020134,4.109275762,65.08541454,0.138281879,3.619071783,65.39298325,0.138281879,3.357174687,63.73172982,0.138281879
3.651803506,66.56536945,0.146577181,2.255208498,65.90106305,0.147973154,2.263215994,64.4330756,0.143785235,3.988459477,65.54225616,0.140993289,3.541219884,65.6811789,0.140993289,3.214621785,64.1362774,0.140993289
3.526201798,66.88414304,0.149395973,2.18467831,66.2841224,0.150818792,2.187210202,64.90212989,0.146550336,3.896860276,66.00183426,0.143704698,3.46528733,65.97139513,0.143704698,3.095514704,64.53722378,0.143704698
3.404653104,67.20505987,0.152214765,2.114173679,66.67196371,0.15366443,2.128222202,65.36320195,0.149315436,3.824502723,66.46133725,0.146416107,3.392882559,66.26289356,0.146416107,3.020466293,64.92917658,0.146416107
3.29202967,67.52644329,0.155033557,2.041844205,67.06392492,0.156510067,2.086384561,65.81591949,0.152080537,3.748274804,66.9191397,0.149127517,3.324266529,66.55456913,0.149127517,2.961578802,65.31439554,0.149127517
3.189671762,67.84611812,0.157852349,1.961912339,67.45954878,0.159355705,2.072355979,66.2510085,0.154845638,3.663306281,67.37456618,0.151838926,3.260367083,66.8462734,0.151838926,2.917828984,65.69169919,0.151838926
3.09876372,68.16367533,0.160671141,1.892749515,67.85540186,0.162201342,2.071362627,66.67392249,0.157610738,3.561045255,67.8230162,0.154550336,3.204050293,67.13693316,0.154550336,2.867585496,66.05405632,0.154550336
3.027356286,68.47730875,0.163489933,1.844441835,68.24970999,0.16504698,2.081440056,67.08499573,0.160375839,3.4669705,68.26633801,0.157261745,3.15071998,67.4265346,0.157261745,2.808691124,66.40747845,0.157261745
2.984006808,68.78510106,0.166308725,1.826547394,68.64124871,0.167892617,2.102508127,67.47626441,0.16314094,3.383556071,68.70427407,0.159973154,3.10027071,67.71499588,0.159973154,2.740328648,66.75171943,0.159973154
2.960138537,69.08818748,0.169127517,1.865219742,69.02389679,0.170738255,2.126635358,67.85094564,0.16590604,3.357109211,69.13015631,0.162684564,3.054126985,68.00046476,0.162684564,2.671403951,67.07845051,0.162684564
2.9561938,69.38615075,0.171946309,1.924262815,69.39850648,0.173583893,2.153302191,68.21223471,0.168671141,3.355712775,69.54872112,0.165395973,3.011221245,68.28399019,0.165395973,2.614660425,67.39585241,0.165395973
2.972550834,69.67489879,0.174765101,1.996298111,69.76432617,0.17642953,2.183590807,68.55506546,0.171436242,3.377202681,69.95988171,0.168107383,2.971734051,68.56554839,0.168107383,2.570691585,67.70392956,0.168107383
2.992611895,69.95800599,0.177583893,2.060074894,70.11515919,0.179275168,2.223754451,68.87876811,0.174201342,3.394277769,70.35594554,0.170818792,2.942139389,68.84312766,0.170818792,2.558028868,67.99506132,0.170818792
3.015388427,70.23549783,0.180402685,2.098116911,70.45077894,0.182120805,2.271364133,69.18947775,0.176966443,3.387531821,70.74214328,0.173530201,2.921989224,69.11829926,0.173530201,2.559383793,68.276487,0.173530201
3.038974566,70.50484811,0.183221477,2.118342882,70.77374391,0.184966443,2.328125023,69.48512293,0.179731544,3.360673498,71.11901686,0.176241611,2.911326446,69.39124709,0.176241611,2.57304275,68.54897758,0.176241611
3.068815477,70.76790166,0.186040268,2.12102876,71.08221245,0.187812081,2.385005941,69.76110368,0.182496644,3.316189927,71.47842834,0.17895302,2.923120845,69.66046156,0.17895302,2.601865319,68.80672079,0.17895302
3.106925861,71.02630593,0.18885906,2.124288283,71.36986388,0.190657718,2.433545297,70.02591997,0.185261745,3.299417225,71.82521255,0.18166443,2.953109048,69.92741666,0.18166443,2.642576534,69.05562839,0.18166443
3.158456346,71.27958523,0.191677852,2.139418787,71.64464815,0.193503356,2.471963009,70.27978482,0.188026846,3.311785395,72.16107883,0.184375839,2.998235261,70.19252729,0.184375839,2.69421459,69.29734548,0.184375839
3.228185425,71.52783074,0.194496644,2.168405039,71.9068031,0.196348993,2.493307574,70.51646587,0.190791946,3.396921866,72.47845793,0.187087248,3.066314069,70.45500769,0.187087248,2.767282601,69.52891702,0.187087248
3.30456222,71.77362882,0.197315436,2.220947996,72.15139519,0.199194631,2.520559005,70.74497074,0.193557047,3.518376772,72.7814384,0.189798658,3.145108521,70.71600243,0.189798658,2.850651363,69.75481439,0.189798658
3.385531934,72.01727544,0.200134228,2.287743915,72.38316124,0.202040268,2.557022534,70.965782,0.196322148,3.65480269,73.07311382,0.192510067,3.230193763,70.97600924,0.192510067,2.936832093,69.97687245,0.192510067
3.460085513,72.25898812,0.20295302,2.363694291,72.60507103,0.204885906,2.628590708,71.17635572,0.199087248,3.776299268,73.34753356,0.195221477,3.318960373,71.23500611,0.195221477,3.012588982,70.19478788,0.195221477
3.524243695,72.50052881,0.205771812,2.447449666,72.81637739,0.207731544,2.724889736,71.38108052,0.201852349,3.849736076,73.6076079,0.197932886,3.405437682,71.49394355,0.197932886,3.059226995,70.4113756,0.197932886
3.579092496,72.74225212,0.208590604,2.533604475,73.01622191,0.210577181,2.83329647,71.58158667,0.20461745,3.891414147,73.85753901,0.200644295,3.488917131,71.75313607,0.200644295,3.084286244,70.62761692,0.200644295
3.621994401,72.98504782,0.211409396,2.615398809,73.21001809,0.213422819,2.941430114,71.77744381,0.20738255,3.89330461,74.09346504,0.203355705,3.565736789,72.01322374,0.203355705,3.077742354,70.84446264,0.203355705
3.661292512,73.22996208,0.214228188,2.69068837,73.39833169,0.216268456,3.021542002,71.97072409,0.210147651,3.898718085,74.31710625,0.206067114,3.630785622,72.27513849,0.206067114,3.065482451,71.06332256,0.206067114
3.702974678,73.47670577,0.21704698,2.747792084,73.58061464,0.219114094,3.082494043,72.16301676,0.212912752,3.919075006,74.53302312,0.208778523,3.686528971,72.53860625,0.208778523,3.062062325,71.28385855,0.208778523
3.750307931,73.72559511,0.219865772,2.792293202,73.76028248,0.221959732,3.120912323,72.35480864,0.215677852,3.973806625,74.73926887,0.211489933,3.728277864,72.80451585,0.211489933,3.085012551,71.50699718,0.211489933
3.814752119,73.97764668,0.222684564,2.83115961,73.93832257,0.224805369,3.162732134,72.5480134,0.218442953,4.067284664,74.93657565,0.214201342,3.760561577,73.07378566,0.214201342,3.153176623,71.7333309,0.214201342
3.888506424,74.2311154,0.225503356,2.87018398,74.11523381,0.227651007,3.221466638,72.74295727,0.221208054,4.17545349,75.12888072,0.216912752,3.794323574,73.34534328,0.216912752,3.243050709,71.96163937,0.216912752
3.969924735,74.48576737,0.228322148,2.927554294,74.29181043,0.230496644,3.301424164,72.9399025,0.223973154,4.294880205,75.31541099,0.219624161,3.835320457,73.61987494,0.219624161,3.355061664,72.19238037,0.219624161
4.053406557,74.74105176,0.23114094,2.997617096,74.46819647,0.233342282,3.417425803,73.14181213,0.226738255,4.403777715,75.49609184,0.22233557,3.905415641,73.89823131,0.22233557,3.459625875,72.42568482,0.22233557
4.128128853,74.9954184,0.233959732,3.07881421,74.64435056,0.236187919,3.537137685,73.34702202,0.229503356,4.5015733,75.67380007,0.22504698,3.993876812,74.17873318,0.22504698,3.550509929,72.66014237,0.22504698
4.195156233,75.24843251,0.236778523,3.157054768,74.81950202,0.239033557,3.657409743,73.55559311,0.232268456,4.584413258,75.84827901,0.227758389,4.104091241,74.46166738,0.227758389,3.621551071,72.89577727,0.227758389
4.25208053,75.49895637,0.239597315,3.215078525,74.99316644,0.241879195,3.756689866,73.77004353,0.235033557,4.644793817,76.01908497,0.230469799,4.222646042,74.74729122,0.230469799,3.674187502,73.13188311,0.230469799
4.312077631,75.7448447,0.242416107,3.254703982,75.1651722,0.244724832,3.834047616,73.98879067,0.237798658,4.69427744,76.18820764,0.233181208,4.330557762,75.03375438,0.233181208,3.72840269,73.36752862,0.233181208
4.38412912,75.98686328,0.245234899,3.270918852,75.33456247,0.24757047,3.893498319,74.21110179,0.240563758,4.732490841,76.35561515,0.235892617,4.423624885,75.32096401,0.235892617,3.7869955,73.60251809,0.235892617
4.471582559,76.22474983,0.248053691,3.286362842,75.49993016,0.250416107,3.929021179,74.43831457,0.243328859,4.762483523,76.52084461,0.238604027,4.476426177,75.60729964,0.238604027,3.86140126,73.83463494,0.238604027
4.58982017,76.45441697,0.250872483,3.316206102,75.66194257,0.253261745,3.94863558,74.6693265,0.24609396,4.796778185,76.68514607,0.241315436,4.514991002,75.89186767,0.241315436,3.933706199,74.06429275,0.241315436
4.713397834,76.67844106,0.253691275,3.365658501,75.82037112,0.256107383,3.962019816,74.90252566,0.24885906,4.836219789,76.84854405,0.244026846,4.540258423,76.17453507,0.244026846,4.002756288,74.29140152,0.244026846
4.835788521,76.89684315,0.256510067,3.449827182,75.97192472,0.25895302,3.972893982,75.137876,0.251624161,4.897843566,77.01054407,0.246738255,4.570383441,76.45089689,0.246738255,4.038466035,74.51199319,0.246738255
4.936692722,77.10682645,0.259328859,3.536889485,76.11828471,0.261798658,4.00484606,75.37372581,0.254389262,4.968012744,77.171845,0.249449664,4.612245514,76.72242665,0.249449664,4.056263847,74.72815693,0.249449664
5.001221119,77.30836034,0.262147651,3.618379465,76.25956277,0.264644295,4.059496086,75.60866823,0.257154362,5.045251249,77.33245204,0.252161074,4.665042271,76.98907125,0.252161074,4.058456896,74.93987324,0.252161074
5.039959039,77.50320338,0.264966443,3.675075823,76.39380666,0.267489933,4.141191209,75.84223492,0.259919463,5.11665771,77.49170654,0.254872483,4.729224775,77.24495721,0.254872483,4.060416436,75.14219251,0.254872483
5.051052802,77.69028315,0.267785235,3.698863001,76.52000904,0.27033557,4.258650543,76.07051965,0.262684564,5.175036509,77.64986454,0.257583893,4.786289952,77.49290159,0.257583893,4.083009141,75.33765543,0.257583893
5.046003963,77.86596624,0.270604027,3.709451083,76.64012571,0.273181208,4.374190587,76.29418598,0.265449664,5.222429846,77.80694777,0.260295302,4.835233413,77.73349122,0.260295302,4.124501271,75.52677178,0.260295302
5.043954859,78.03437258,0.273422819,3.711747477,76.75403743,0.276026846,4.483432452,76.51291111,0.268214765,5.255819735,77.96162381,0.263006711,4.859180247,77.96016016,0.263006711,4.2004504,75.70389551,0.263006711
5.048307678,78.19549487,0.276241611,3.732924245,76.85699974,0.278872483,4.550125963,76.72101748,0.270979866,5.291941911,78.11381559,0.265718121,4.867734294,78.1756791,0.265718121,4.280353396,75.87150172,0.265718121
5.075621141,78.34523812,0.279060403,3.77294572,76.95293914,0.281718121,4.587722418,76.92003207,0.273744966,5.331601412,78.26370769,0.26842953,4.866155698,78.38166872,0.26842953,4.357238032,76.03102631,0.26842953
5.12210064,78.48693365,0.281879195,3.828334937,77.04187668,0.284563758,4.606836198,77.11058675,0.276510067,5.381661316,78.40901264,0.27114094,4.858023137,78.57127857,0.27114094,4.405944163,76.17684829,0.27114094
5.182342751,78.62175176,0.284697987,3.895870667,77.12112794,0.287409396,4.619441791,77.28723852,0.279275168,5.430096532,78.54943279,0.273852349,4.855585597,78.74651481,0.273852349,4.420637147,76.31095737,0.273852349
5.255284395,78.7478994,0.287516779,3.953394001,77.19058043,0.290255034,4.650663098,77.44969134,0.282040268,5.473323607,78.68574343,0.276563758,4.85955612,78.9104903,0.276563758,4.412132205,76.43598687,0.276563758
5.320230698,78.86500784,0.29033557,3.996196506,77.25261321,0.293100671,4.693827885,77.60101594,0.284805369,5.499580539,78.81502888,0.279275168,4.877876706,79.05696209,0.279275168,4.375346447,76.54712107,0.279275168
5.368771397,78.97600264,0.293154362,4.019818409,77.3069516,0.295946309,4.749962346,77.73753651,0.28757047,5.512306867,78.93664698,0.281986577,4.913154141,79.18696971,0.281986577,4.334078452,76.64549299,0.281986577
5.396042642,79.08087899,0.295973154,4.012410839,77.34881224,0.298791946,4.793026969,77.85543224,0.29033557,5.521953387,79.0524326,0.284697987,4.960672462,79.30527865,0.284697987,4.296681051,76.73489854,0.284697987
5.386490006,79.17581477,0.298791946,3.994567148,77.38299978,0.301637584,4.821318737,77.96078181,0.293100671,5.536956737,79.15946363,0.287409396,5.025654034,79.40716986,0.287409396,4.275166358,76.8118718,0.287409396
5.374428394,79.26491624,0.301610738,3.970076371,77.40947608,0.304483221,4.830905853,78.05233879,0.295865772,5.572712204,79.2565583,0.290120805,5.101607448,79.49257186,0.290120805,4.283261686,76.87666552,0.290120805
5.366450572,79.34813252,0.30442953,3.948575095,77.42506111,0.307328859,4.834142087,78.12142575,0.298630872,5.618465993,79.34685498,0.292832215,5.178112345,79.56738239,0.292832215,4.311763946,76.93373985,0.292832215
5.390178811,79.42255365,0.307248322,3.943084052,77.43050363,0.310174497,4.852081017,78.17717595,0.301395973,5.673747126,79.42804966,0.295543624,5.248963126,79.62864557,0.295543624,4.367726767,76.98104212,0.295543624
5.444815414,79.4889726,0.310067114,3.951832693,77.42803809,0.313020134,4.886765135,78.21955006,0.304161074,5.711867053,79.49832633,0.298255034,5.291402187,79.67516682,0.298255034,4.443968009,77.01785727,0.298255034
5.509713586,79.54887354,0.312885906,3.977220319,77.41702311,0.315865772,4.953902904,78.23896446,0.306926174,5.733001385,79.56181297,0.300966443,5.311690001,79.71305581,0.300966443,4.522928237,77.04850896,0.300966443
5.572478298,79.60090222,0.315704698,4.016234836,77.39343024,0.318711409,5.02150804,78.24357341,0.309691275,5.72973816,79.61702941,0.303677852,5.302364434,79.74074563,0.303677852,4.599387804,77.07186427,0.303677852
5.583675861,79.64224038,0.31852349,4.052014397,77.36224381,0.321557047,5.083961751,78.23488928,0.312456376,5.713692726,79.66124038,0.306389262,5.265274226,79.75602771,0.306389262,4.64884815,77.08609891,0.306389262
5.558893431,79.67652031,0.321342282,4.081517558,77.32362587,0.324402685,5.118854147,78.20651215,0.315221477,5.707334789,79.69903299,0.309100671,5.225705246,79.76458269,0.309100671,4.678700624,77.09523131,0.309100671
5.500783257,79.70371837,0.324161074,4.092572556,77.27492209,0.327248322,5.132666278,78.16196462,0.317986577,5.717675791,79.72960444,0.311812081,5.187987155,79.76574135,0.311812081,4.685185984,77.09869664,0.311812081
5.436276851,79.71946631,0.326979866,4.092929435,77.21878177,0.33009396,5.139602028,78.10539557,0.320751678,5.768573632,79.74914264,0.31452349,5.183819862,79.75680406,0.31452349,4.66689219,77.09402905,0.31452349
5.408731017,79.72775622,0.329798658,4.092831297,77.15736511,0.332939597,5.150247076,78.03360021,0.323516779,5.827709029,79.76260594,0.317234899,5.203230042,79.74295312,0.317234899,4.644181622,77.085177,0.317234899
5.416867427,79.7294572,0.33261745,4.099600551,77.09066033,0.335785235,5.185177608,77.94637017,0.326281879,5.893082582,79.76978812,0.319946309,5.247843386,79.72412609,0.319946309,4.618396415,77.07204592,0.319946309
5.477482172,79.72274777,0.335436242,4.134945562,77.01895611,0.338630872,5.23184589,77.84986793,0.32904698,5.92170745,79.76604431,0.322657718,5.32041941,79.69813639,0.322657718,4.600417232,77.05213487,0.322657718
5.550431755,79.70850722,0.338255034,4.18555298,76.94528376,0.34147651,5.289336637,77.74351352,0.331812081,5.92352039,79.75669663,0.325369128,5.39094889,79.66921568,0.325369128,4.588069505,77.02907343,0.325369128
5.611930474,79.68944904,0.341073826,4.247221564,76.87005912,0.344322148,5.333646085,77.62553472,0.334577181,5.899385176,79.74177361,0.328080537,5.457868189,79.63744412,0.328080537,4.581395396,77.00290863,0.328080537
5.649810511,79.66562173,0.343892617,4.301619372,76.79400623,0.347167785,5.363194797,77.50246101,0.337342282,5.86251675,79.71712384,0.330791946,5.490489458,79.60177874,0.330791946,4.584756054,76.97187607,0.330791946
5.653632034,79.63629429,0.346711409,4.326531804,76.7185042,0.350013423,5.377665614,77.37469548,0.340107383,5.849063117,79.68740499,0.333503356,5.497482858,79.56447258,0.333503356,4.594319772,76.93860044,0.333503356
5.664895055,79.60483939,0.349530201,4.32649457,76.64390441,0.35285906,5.380991015,77.24223515,0.342872483,5.859318995,79.65298619,0.336214765,5.481377404,79.52566072,0.336214765,4.609606863,76.90327632,0.336214765
5.690207613,79.57162656,0.352348993,4.296944334,76.57086449,0.355704698,5.393581528,77.10916624,0.345637584,5.926468216,79.61128341,0.338926174,5.43615099,79.48467259,0.338926174,4.633482172,76.86509211,0.338926174
5.762561438,79.53735344,0.355167785,4.265923723,76.500977,0.358550336,5.416496257,76.97606821,0.348402685,6.011630058,79.56578516,0.341637584,5.392722134,79.44240491,0.341637584,4.657686002,76.82547822,0.341637584
5.856678144,79.50378534,0.357986577,4.259763341,76.43371548,0.361395973,5.46255475,76.84525772,0.351167785,6.106206259,79.51724255,0.344348993,5.355727473,79.3990272,0.344348993,4.680874981,76.78466569,0.344348993
5.951453897,79.4713285,0.360805369,4.285635601,76.36926388,0.364241611,5.523559185,76.71867281,0.353932886,6.184555292,79.46493955,0.347060403,5.35430829,79.35381528,0.347060403,4.695735958,76.74208542,0.347060403
6.025085064,79.44091142,0.363624161,4.376599714,76.30979177,0.367087248,5.595466311,76.59614562,0.356697987,6.23921183,79.41123997,0.349771812,5.392156258,79.30713826,0.349771812,4.704603316,76.69808951,0.349771812
6.045154955,79.41410231,0.366442953,4.494516743,76.25439878,0.369932886,5.680604504,76.48024748,0.359463087,6.279320636,79.3568127,0.352483221,5.459350097,79.25924462,0.352483221,4.711408852,76.65287138,0.352483221
6.044100959,79.39002963,0.369261745,4.620810233,76.20267489,0.372778523,5.787109965,76.37320265,0.362228188,6.310283159,79.30244504,0.355194631,5.56584158,79.20932357,0.355194631,4.723363219,76.60547909,0.355194631
6.028245473,79.36879312,0.372080537,4.735550259,76.15557856,0.375624161,5.911067886,76.27272172,0.364993289,6.359496007,79.24954759,0.35790604,5.681310065,79.15749675,0.35790604,4.754680068,76.55584711,0.35790604
6.049706108,79.35246305,0.374899329,4.810678305,76.1142106,0.378469799,6.056972987,76.18014395,0.367758389,6.424952455,79.19810342,0.36061745,5.796430343,79.10420235,0.36061745,4.803188463,76.50447174,0.36061745
6.116576743,79.33905601,0.377718121,4.867831644,76.07679826,0.381315436,6.221358879,76.09934703,0.37052349,6.519344175,79.14948101,0.363328859,5.897506188,79.04866183,0.363328859,4.88225324,76.4503934,0.363328859
6.221354157,79.32832378,0.380536913,4.912042296,76.04334207,0.384161074,6.380119643,76.02562144,0.373288591,6.626290158,79.10424698,0.366040268,5.981722684,78.99085225,0.366040268,4.986796312,76.39376623,0.366040268
6.36359957,79.32100104,0.383355705,4.972163062,76.01603176,0.387006711,6.529446056,75.95893834,0.376053691,6.734316317,79.06137762,0.368751678,6.059544318,78.93146685,0.368751678,5.103382457,76.33554078,0.368751678
6.491970627,79.31631902,0.386174497,5.054699104,75.99271471,0.389852349,6.630221086,75.90398895,0.378818792,6.83439195,79.02176734,0.371463087,6.135152432,78.86991903,0.371463087,5.229516102,76.27533427,0.371463087
6.594756293,79.31331988,0.388993289,5.151678445,75.97292501,0.392697987,6.69987429,75.85518305,0.381583893,6.919390244,78.98517555,0.374174497,6.221966991,78.80614744,0.374174497,5.34581112,76.21390203,0.374174497
6.658075367,79.31197564,0.391812081,5.256114748,75.9574001,0.395543624,6.742804506,75.81212756,0.384348993,6.998932451,78.95016273,0.376885906,6.313998804,78.74107747,0.376885906,5.449601312,76.15223165,0.376885906
6.673239322,79.31218709,0.394630872,5.339272748,75.94623042,0.398389262,6.761410569,75.77716401,0.387114094,7.074903034,78.91686775,0.379597315,6.411079574,78.67446348,0.379597315,5.532629796,76.09069417,0.379597315
6.680226597,79.31288956,0.397449664,5.405213002,75.93794932,0.401234899,6.784317808,75.74749448,0.389879195,7.158093957,78.88460358,0.382308725,6.494195113,78.60652362,0.382308725,5.58651358,76.03110742,0.382308725
6.684784512,79.31393232,0.400268456,5.453862333,75.93247023,0.404080537,6.81392355,75.72183602,0.392644295,7.243952183,78.85252576,0.385020134,6.562615568,78.53810712,0.385020134,5.626479022,75.97358424,0.385020134
6.708765167,79.31479928,0.403087248,5.497897947,75.93108963,0.406926174,6.858904023,75.70116547,0.395409396,7.332144623,78.82045878,0.387731544,6.610711416,78.4692838,0.387731544,5.651797021,75.91891814,0.387731544
6.7423979,79.31506159,0.40590604,5.548789428,75.93198364,0.409771812,6.907922207,75.68492235,0.398174497,7.404836412,78.78766604,0.390442953,6.634597323,78.40077497,0.390442953,5.667075495,75.87053667,0.390442953
6.776344765,79.31477834,0.408724832,5.601317743,75.93497286,0.41261745,6.951117036,75.67173395,0.400939597,7.461115793,78.75435795,0.393154362,6.650729942,78.33294149,0.393154362,5.676184288,75.82688218,0.393154362
6.797846324,79.31375547,0.411543624,5.644758499,75.94054829,0.415463087,6.980867263,75.66214416,0.403704698,7.497555076,78.72046234,0.395865772,6.659993126,78.26597231,0.395865772,5.67845928,75.78867209,0.395865772
6.790260452,79.31243119,0.414362416,5.64853496,75.94891726,0.418308725,6.985106573,75.65803199,0.406469799,7.504595366,78.68615153,0.398577181,6.660115595,78.20181341,0.398577181,5.656074538,75.76190145,0.398577181
6.769902118,79.31130345,0.417181208,5.622905612,75.95955182,0.421154362,6.983028843,75.65790632,0.409234899,7.50602312,78.6522484,0.401288591,6.649606523,78.1400307,0.401288591,5.616043226,75.7425194,0.401288591
6.739626708,79.31052889,0.42,5.567707943,75.97255392,0.424,6.976903095,75.66190892,0.412,7.502944398,78.6188193,0.404,6.627884129,78.08071008,0.404,5.55794531,75.73063772,0.404
